[
    {
        "model": "webPages.region",
        "pk": 1,
        "fields": {
            "nombre": "Arica y Parinacota"
        }
    },
    {
        "model": "webPages.region",
        "pk": 2,
        "fields": {
            "nombre": "Tarapacá"
        }
    },
    {
        "model": "webPages.region",
        "pk": 3,
        "fields": {
            "nombre": "Antofagasta"
        }
    },
    {
        "model": "webPages.region",
        "pk": 4,
        "fields": {
            "nombre": "Atacama"
        }
    },
    {
        "model": "webPages.region",
        "pk": 5,
        "fields": {
            "nombre": "Coquimbo"
        }
    },
    {
        "model": "webPages.region",
        "pk": 6,
        "fields": {
            "nombre": "Valparaíso"
        }
    },
    {
        "model": "webPages.region",
        "pk": 7,
        "fields": {
            "nombre": "Región del Libertador Gral. Bernardo O’Higgins"
        }
    },
    {
        "model": "webPages.region",
        "pk": 8,
        "fields": {
            "nombre": "Región del Maule"
        }
    },
    {
        "model": "webPages.region",
        "pk": 9,
        "fields": {
            "nombre": "Región de Ñuble"
        }
    },
    {
        "model": "webPages.region",
        "pk": 10,
        "fields": {
            "nombre": "Región del Biobío"
        }
    },
    {
        "model": "webPages.region",
        "pk": 11,
        "fields": {
            "nombre": "Región de la Araucanía"
        }
    },
    {
        "model": "webPages.region",
        "pk": 12,
        "fields": {
            "nombre": "Región de Los Ríos"
        }
    },
    {
        "model": "webPages.region",
        "pk": 13,
        "fields": {
            "nombre": "Región de Los Lagos"
        }
    },
    {
        "model": "webPages.region",
        "pk": 14,
        "fields": {
            "nombre": "Región Aisén del Gral. Carlos Ibáñez del Campo"
        }
    },
    {
        "model": "webPages.region",
        "pk": 15,
        "fields": {
            "nombre": "Región de Magallanes y de la Antártica Chilena"
        }
    },
    {
        "model": "webPages.region",
        "pk": 16,
        "fields": {
            "nombre": "Región Metropolitana de Santiago"
        }
    },
    {
        "model": "webPages.comuna",
        "pk": 1,
        "fields": {
            "nombre": "Arica",
            "region": [
                "Arica y Parinacota"
            ]
        }
    },
    {
        "model": "webPages.comuna",
        "pk": 2,
        "fields": {
            "nombre": "Camarones",
            "region": [
                "Arica y Parinacota"
            ]
        }
    },
    {
        "model": "webPages.comuna",
        "pk": 3,
        "fields": {
            "nombre": "Putre",
            "region": [
                "Arica y Parinacota"
            ]
        }
    },
    {
        "model": "webPages.comuna",
        "pk": 4,
        "fields": {
            "nombre": "General Lagos",
            "region": [
                "Arica y Parinacota"
            ]
        }
    },
    {
        "model": "webPages.comuna",
        "pk": 5,
        "fields": {
            "nombre": "Iquique",
            "region": [
                "Tarapacá"
            ]
        }
    },
    {
        "model": "webPages.comuna",
        "pk": 6,
        "fields": {
            "nombre": "Alto Hospicio",
            "region": [
                "Tarapacá"
            ]
        }
    },
    {
        "model": "webPages.comuna",
        "pk": 7,
        "fields": {
            "nombre": "Pozo Almonte",
            "region": [
                "Tarapacá"
            ]
        }
    },
    {
        "model": "webPages.comuna",
        "pk": 8,
        "fields": {
            "nombre": "Camiña",
            "region": [
                "Tarapacá"
            ]
        }
    },
    {
        "model": "webPages.comuna",
        "pk": 9,
        "fields": {
            "nombre": "Colchane",
            "region": [
                "Tarapacá"
            ]
        }
    },
    {
        "model": "webPages.comuna",
        "pk": 10,
        "fields": {
            "nombre": "Huara",
            "region": [
                "Tarapacá"
            ]
        }
    },
    {
        "model": "webPages.comuna",
        "pk": 11,
        "fields": {
            "nombre": "Pica",
            "region": [
                "Tarapacá"
            ]
        }
    },
    {
        "model": "webPages.comuna",
        "pk": 12,
        "fields": {
            "nombre": "Antofagasta",
            "region": [
                "Antofagasta"
            ]
        }
    },
    {
        "model": "webPages.comuna",
        "pk": 13,
        "fields": {
            "nombre": "Mejillones",
            "region": [
                "Antofagasta"
            ]
        }
    },
    {
        "model": "webPages.comuna",
        "pk": 14,
        "fields": {
            "nombre": "Sierra Gorda",
            "region": [
                "Antofagasta"
            ]
        }
    },
    {
        "model": "webPages.comuna",
        "pk": 15,
        "fields": {
            "nombre": "Taltal",
            "region": [
                "Antofagasta"
            ]
        }
    },
    {
        "model": "webPages.comuna",
        "pk": 16,
        "fields": {
            "nombre": "Calama",
            "region": [
                "Antofagasta"
            ]
        }
    },
    {
        "model": "webPages.comuna",
        "pk": 17,
        "fields": {
            "nombre": "Ollagüe",
            "region": [
                "Antofagasta"
            ]
        }
    },
    {
        "model": "webPages.comuna",
        "pk": 18,
        "fields": {
            "nombre": "San Pedro de Atacama",
            "region": [
                "Antofagasta"
            ]
        }
    },
    {
        "model": "webPages.comuna",
        "pk": 19,
        "fields": {
            "nombre": "Tocopilla",
            "region": [
                "Antofagasta"
            ]
        }
    },
    {
        "model": "webPages.comuna",
        "pk": 20,
        "fields": {
            "nombre": "María Elena",
            "region": [
                "Antofagasta"
            ]
        }
    },
    {
        "model": "webPages.comuna",
        "pk": 21,
        "fields": {
            "nombre": "Copiapó",
            "region": [
                "Atacama"
            ]
        }
    },
    {
        "model": "webPages.comuna",
        "pk": 22,
        "fields": {
            "nombre": "Caldera",
            "region": [
                "Atacama"
            ]
        }
    },
    {
        "model": "webPages.comuna",
        "pk": 23,
        "fields": {
            "nombre": "Tierra Amarilla",
            "region": [
                "Atacama"
            ]
        }
    },
    {
        "model": "webPages.comuna",
        "pk": 24,
        "fields": {
            "nombre": "Chañaral",
            "region": [
                "Atacama"
            ]
        }
    },
    {
        "model": "webPages.comuna",
        "pk": 25,
        "fields": {
            "nombre": "Diego de Almagro",
            "region": [
                "Atacama"
            ]
        }
    },
    {
        "model": "webPages.comuna",
        "pk": 26,
        "fields": {
            "nombre": "Vallenar",
            "region": [
                "Atacama"
            ]
        }
    },
    {
        "model": "webPages.comuna",
        "pk": 27,
        "fields": {
            "nombre": "Alto del Carmen",
            "region": [
                "Atacama"
            ]
        }
    },
    {
        "model": "webPages.comuna",
        "pk": 28,
        "fields": {
            "nombre": "Freirina",
            "region": [
                "Atacama"
            ]
        }
    },
    {
        "model": "webPages.comuna",
        "pk": 29,
        "fields": {
            "nombre": "Huasco",
            "region": [
                "Atacama"
            ]
        }
    },
    {
        "model": "webPages.comuna",
        "pk": 30,
        "fields": {
            "nombre": "La Serena",
            "region": [
                "Coquimbo"
            ]
        }
    },
    {
        "model": "webPages.comuna",
        "pk": 31,
        "fields": {
            "nombre": "Coquimbo",
            "region": [
                "Coquimbo"
            ]
        }
    },
    {
        "model": "webPages.comuna",
        "pk": 32,
        "fields": {
            "nombre": "Andacollo",
            "region": [
                "Coquimbo"
            ]
        }
    },
    {
        "model": "webPages.comuna",
        "pk": 33,
        "fields": {
            "nombre": "La Higuera",
            "region": [
                "Coquimbo"
            ]
        }
    },
    {
        "model": "webPages.comuna",
        "pk": 34,
        "fields": {
            "nombre": "Paiguano",
            "region": [
                "Coquimbo"
            ]
        }
    },
    {
        "model": "webPages.comuna",
        "pk": 35,
        "fields": {
            "nombre": "Vicuña",
            "region": [
                "Coquimbo"
            ]
        }
    },
    {
        "model": "webPages.comuna",
        "pk": 36,
        "fields": {
            "nombre": "Illapel",
            "region": [
                "Coquimbo"
            ]
        }
    },
    {
        "model": "webPages.comuna",
        "pk": 37,
        "fields": {
            "nombre": "Canela",
            "region": [
                "Coquimbo"
            ]
        }
    },
    {
        "model": "webPages.comuna",
        "pk": 38,
        "fields": {
            "nombre": "Los Vilos",
            "region": [
                "Coquimbo"
            ]
        }
    },
    {
        "model": "webPages.comuna",
        "pk": 39,
        "fields": {
            "nombre": "Salamanca",
            "region": [
                "Coquimbo"
            ]
        }
    },
    {
        "model": "webPages.comuna",
        "pk": 40,
        "fields": {
            "nombre": "Ovalle",
            "region": [
                "Coquimbo"
            ]
        }
    },
    {
        "model": "webPages.comuna",
        "pk": 41,
        "fields": {
            "nombre": "Combarbalá",
            "region": [
                "Coquimbo"
            ]
        }
    },
    {
        "model": "webPages.comuna",
        "pk": 42,
        "fields": {
            "nombre": "Monte Patria",
            "region": [
                "Coquimbo"
            ]
        }
    },
    {
        "model": "webPages.comuna",
        "pk": 43,
        "fields": {
            "nombre": "Punitaqui",
            "region": [
                "Coquimbo"
            ]
        }
    },
    {
        "model": "webPages.comuna",
        "pk": 44,
        "fields": {
            "nombre": "Río Hurtado",
            "region": [
                "Coquimbo"
            ]
        }
    },
    {
        "model": "webPages.comuna",
        "pk": 45,
        "fields": {
            "nombre": "Valparaíso",
            "region": [
                "Valparaíso"
            ]
        }
    },
    {
        "model": "webPages.comuna",
        "pk": 46,
        "fields": {
            "nombre": "Casablanca",
            "region": [
                "Valparaíso"
            ]
        }
    },
    {
        "model": "webPages.comuna",
        "pk": 47,
        "fields": {
            "nombre": "Concón",
            "region": [
                "Valparaíso"
            ]
        }
    },
    {
        "model": "webPages.comuna",
        "pk": 48,
        "fields": {
            "nombre": "Juan Fernández",
            "region": [
                "Valparaíso"
            ]
        }
    },
    {
        "model": "webPages.comuna",
        "pk": 49,
        "fields": {
            "nombre": "Puchuncaví",
            "region": [
                "Valparaíso"
            ]
        }
    },
    {
        "model": "webPages.comuna",
        "pk": 50,
        "fields": {
            "nombre": "Quintero",
            "region": [
                "Valparaíso"
            ]
        }
    },
    {
        "model": "webPages.comuna",
        "pk": 51,
        "fields": {
            "nombre": "Viña del Mar",
            "region": [
                "Valparaíso"
            ]
        }
    },
    {
        "model": "webPages.comuna",
        "pk": 52,
        "fields": {
            "nombre": "Isla de Pascua",
            "region": [
                "Valparaíso"
            ]
        }
    },
    {
        "model": "webPages.comuna",
        "pk": 53,
        "fields": {
            "nombre": "Los Andes",
            "region": [
                "Valparaíso"
            ]
        }
    },
    {
        "model": "webPages.comuna",
        "pk": 54,
        "fields": {
            "nombre": "Calle Larga",
            "region": [
                "Valparaíso"
            ]
        }
    },
    {
        "model": "webPages.comuna",
        "pk": 55,
        "fields": {
            "nombre": "Rinconada",
            "region": [
                "Valparaíso"
            ]
        }
    },
    {
        "model": "webPages.comuna",
        "pk": 56,
        "fields": {
            "nombre": "San Esteban",
            "region": [
                "Valparaíso"
            ]
        }
    },
    {
        "model": "webPages.comuna",
        "pk": 57,
        "fields": {
            "nombre": "La Ligua",
            "region": [
                "Valparaíso"
            ]
        }
    },
    {
        "model": "webPages.comuna",
        "pk": 58,
        "fields": {
            "nombre": "Cabildo",
            "region": [
                "Valparaíso"
            ]
        }
    },
    {
        "model": "webPages.comuna",
        "pk": 59,
        "fields": {
            "nombre": "Papudo",
            "region": [
                "Valparaíso"
            ]
        }
    },
    {
        "model": "webPages.comuna",
        "pk": 60,
        "fields": {
            "nombre": "Petorca",
            "region": [
                "Valparaíso"
            ]
        }
    },
    {
        "model": "webPages.comuna",
        "pk": 61,
        "fields": {
            "nombre": "Zapallar",
            "region": [
                "Valparaíso"
            ]
        }
    },
    {
        "model": "webPages.comuna",
        "pk": 62,
        "fields": {
            "nombre": "Quillota",
            "region": [
                "Valparaíso"
            ]
        }
    },
    {
        "model": "webPages.comuna",
        "pk": 63,
        "fields": {
            "nombre": "Calera",
            "region": [
                "Valparaíso"
            ]
        }
    },
    {
        "model": "webPages.comuna",
        "pk": 64,
        "fields": {
            "nombre": "Hijuelas",
            "region": [
                "Valparaíso"
            ]
        }
    },
    {
        "model": "webPages.comuna",
        "pk": 65,
        "fields": {
            "nombre": "La Cruz",
            "region": [
                "Valparaíso"
            ]
        }
    },
    {
        "model": "webPages.comuna",
        "pk": 66,
        "fields": {
            "nombre": "Nogales",
            "region": [
                "Valparaíso"
            ]
        }
    },
    {
        "model": "webPages.comuna",
        "pk": 67,
        "fields": {
            "nombre": "San Antonio",
            "region": [
                "Valparaíso"
            ]
        }
    },
    {
        "model": "webPages.comuna",
        "pk": 68,
        "fields": {
            "nombre": "Algarrobo",
            "region": [
                "Valparaíso"
            ]
        }
    },
    {
        "model": "webPages.comuna",
        "pk": 69,
        "fields": {
            "nombre": "Cartagena",
            "region": [
                "Valparaíso"
            ]
        }
    },
    {
        "model": "webPages.comuna",
        "pk": 70,
        "fields": {
            "nombre": "El Quisco",
            "region": [
                "Valparaíso"
            ]
        }
    },
    {
        "model": "webPages.comuna",
        "pk": 71,
        "fields": {
            "nombre": "El Tabo",
            "region": [
                "Valparaíso"
            ]
        }
    },
    {
        "model": "webPages.comuna",
        "pk": 72,
        "fields": {
            "nombre": "Santo Domingo",
            "region": [
                "Valparaíso"
            ]
        }
    },
    {
        "model": "webPages.comuna",
        "pk": 73,
        "fields": {
            "nombre": "San Felipe",
            "region": [
                "Valparaíso"
            ]
        }
    },
    {
        "model": "webPages.comuna",
        "pk": 74,
        "fields": {
            "nombre": "Catemu",
            "region": [
                "Valparaíso"
            ]
        }
    },
    {
        "model": "webPages.comuna",
        "pk": 75,
        "fields": {
            "nombre": "Llaillay",
            "region": [
                "Valparaíso"
            ]
        }
    },
    {
        "model": "webPages.comuna",
        "pk": 76,
        "fields": {
            "nombre": "Panquehue",
            "region": [
                "Valparaíso"
            ]
        }
    },
    {
        "model": "webPages.comuna",
        "pk": 77,
        "fields": {
            "nombre": "Putaendo",
            "region": [
                "Valparaíso"
            ]
        }
    },
    {
        "model": "webPages.comuna",
        "pk": 78,
        "fields": {
            "nombre": "Santa María",
            "region": [
                "Valparaíso"
            ]
        }
    },
    {
        "model": "webPages.comuna",
        "pk": 79,
        "fields": {
            "nombre": "Quilpué",
            "region": [
                "Valparaíso"
            ]
        }
    },
    {
        "model": "webPages.comuna",
        "pk": 80,
        "fields": {
            "nombre": "Limache",
            "region": [
                "Valparaíso"
            ]
        }
    },
    {
        "model": "webPages.comuna",
        "pk": 81,
        "fields": {
            "nombre": "Olmué",
            "region": [
                "Valparaíso"
            ]
        }
    },
    {
        "model": "webPages.comuna",
        "pk": 82,
        "fields": {
            "nombre": "Villa Alemana",
            "region": [
                "Valparaíso"
            ]
        }
    },
    {
        "model": "webPages.comuna",
        "pk": 83,
        "fields": {
            "nombre": "Rancagua",
            "region": [
                "Región del Libertador Gral. Bernardo O’Higgins"
            ]
        }
    },
    {
        "model": "webPages.comuna",
        "pk": 84,
        "fields": {
            "nombre": "Codegua",
            "region": [
                "Región del Libertador Gral. Bernardo O’Higgins"
            ]
        }
    },
    {
        "model": "webPages.comuna",
        "pk": 85,
        "fields": {
            "nombre": "Coinco",
            "region": [
                "Región del Libertador Gral. Bernardo O’Higgins"
            ]
        }
    },
    {
        "model": "webPages.comuna",
        "pk": 86,
        "fields": {
            "nombre": "Coltauco",
            "region": [
                "Región del Libertador Gral. Bernardo O’Higgins"
            ]
        }
    },
    {
        "model": "webPages.comuna",
        "pk": 87,
        "fields": {
            "nombre": "Doñihue",
            "region": [
                "Región del Libertador Gral. Bernardo O’Higgins"
            ]
        }
    },
    {
        "model": "webPages.comuna",
        "pk": 88,
        "fields": {
            "nombre": "Graneros",
            "region": [
                "Región del Libertador Gral. Bernardo O’Higgins"
            ]
        }
    },
    {
        "model": "webPages.comuna",
        "pk": 89,
        "fields": {
            "nombre": "Las Cabras",
            "region": [
                "Región del Libertador Gral. Bernardo O’Higgins"
            ]
        }
    },
    {
        "model": "webPages.comuna",
        "pk": 90,
        "fields": {
            "nombre": "Machalí",
            "region": [
                "Región del Libertador Gral. Bernardo O’Higgins"
            ]
        }
    },
    {
        "model": "webPages.comuna",
        "pk": 91,
        "fields": {
            "nombre": "Malloa",
            "region": [
                "Región del Libertador Gral. Bernardo O’Higgins"
            ]
        }
    },
    {
        "model": "webPages.comuna",
        "pk": 92,
        "fields": {
            "nombre": "Mostazal",
            "region": [
                "Región del Libertador Gral. Bernardo O’Higgins"
            ]
        }
    },
    {
        "model": "webPages.comuna",
        "pk": 93,
        "fields": {
            "nombre": "Olivar",
            "region": [
                "Región del Libertador Gral. Bernardo O’Higgins"
            ]
        }
    },
    {
        "model": "webPages.comuna",
        "pk": 94,
        "fields": {
            "nombre": "Peumo",
            "region": [
                "Región del Libertador Gral. Bernardo O’Higgins"
            ]
        }
    },
    {
        "model": "webPages.comuna",
        "pk": 95,
        "fields": {
            "nombre": "Pichidegua",
            "region": [
                "Región del Libertador Gral. Bernardo O’Higgins"
            ]
        }
    },
    {
        "model": "webPages.comuna",
        "pk": 96,
        "fields": {
            "nombre": "Quinta de Tilcoco",
            "region": [
                "Región del Libertador Gral. Bernardo O’Higgins"
            ]
        }
    },
    {
        "model": "webPages.comuna",
        "pk": 97,
        "fields": {
            "nombre": "Rengo",
            "region": [
                "Región del Libertador Gral. Bernardo O’Higgins"
            ]
        }
    },
    {
        "model": "webPages.comuna",
        "pk": 98,
        "fields": {
            "nombre": "Requínoa",
            "region": [
                "Región del Libertador Gral. Bernardo O’Higgins"
            ]
        }
    },
    {
        "model": "webPages.comuna",
        "pk": 99,
        "fields": {
            "nombre": "San Vicente",
            "region": [
                "Región del Libertador Gral. Bernardo O’Higgins"
            ]
        }
    },
    {
        "model": "webPages.comuna",
        "pk": 100,
        "fields": {
            "nombre": "Pichilemu",
            "region": [
                "Región del Libertador Gral. Bernardo O’Higgins"
            ]
        }
    },
    {
        "model": "webPages.comuna",
        "pk": 101,
        "fields": {
            "nombre": "La Estrella",
            "region": [
                "Región del Libertador Gral. Bernardo O’Higgins"
            ]
        }
    },
    {
        "model": "webPages.comuna",
        "pk": 102,
        "fields": {
            "nombre": "Litueche",
            "region": [
                "Región del Libertador Gral. Bernardo O’Higgins"
            ]
        }
    },
    {
        "model": "webPages.comuna",
        "pk": 103,
        "fields": {
            "nombre": "Marchihue",
            "region": [
                "Región del Libertador Gral. Bernardo O’Higgins"
            ]
        }
    },
    {
        "model": "webPages.comuna",
        "pk": 104,
        "fields": {
            "nombre": "Navidad",
            "region": [
                "Región del Libertador Gral. Bernardo O’Higgins"
            ]
        }
    },
    {
        "model": "webPages.comuna",
        "pk": 105,
        "fields": {
            "nombre": "Paredones",
            "region": [
                "Región del Libertador Gral. Bernardo O’Higgins"
            ]
        }
    },
    {
        "model": "webPages.comuna",
        "pk": 106,
        "fields": {
            "nombre": "San Fernando",
            "region": [
                "Región del Libertador Gral. Bernardo O’Higgins"
            ]
        }
    },
    {
        "model": "webPages.comuna",
        "pk": 107,
        "fields": {
            "nombre": "Chépica",
            "region": [
                "Región del Libertador Gral. Bernardo O’Higgins"
            ]
        }
    },
    {
        "model": "webPages.comuna",
        "pk": 108,
        "fields": {
            "nombre": "Chimbarongo",
            "region": [
                "Región del Libertador Gral. Bernardo O’Higgins"
            ]
        }
    },
    {
        "model": "webPages.comuna",
        "pk": 109,
        "fields": {
            "nombre": "Lolol",
            "region": [
                "Región del Libertador Gral. Bernardo O’Higgins"
            ]
        }
    },
    {
        "model": "webPages.comuna",
        "pk": 110,
        "fields": {
            "nombre": "Nancagua",
            "region": [
                "Región del Libertador Gral. Bernardo O’Higgins"
            ]
        }
    },
    {
        "model": "webPages.comuna",
        "pk": 111,
        "fields": {
            "nombre": "Palmilla",
            "region": [
                "Región del Libertador Gral. Bernardo O’Higgins"
            ]
        }
    },
    {
        "model": "webPages.comuna",
        "pk": 112,
        "fields": {
            "nombre": "Peralillo",
            "region": [
                "Región del Libertador Gral. Bernardo O’Higgins"
            ]
        }
    },
    {
        "model": "webPages.comuna",
        "pk": 113,
        "fields": {
            "nombre": "Placilla",
            "region": [
                "Región del Libertador Gral. Bernardo O’Higgins"
            ]
        }
    },
    {
        "model": "webPages.comuna",
        "pk": 114,
        "fields": {
            "nombre": "Pumanque",
            "region": [
                "Región del Libertador Gral. Bernardo O’Higgins"
            ]
        }
    },
    {
        "model": "webPages.comuna",
        "pk": 115,
        "fields": {
            "nombre": "Santa Cruz",
            "region": [
                "Región del Libertador Gral. Bernardo O’Higgins"
            ]
        }
    },
    {
        "model": "webPages.comuna",
        "pk": 116,
        "fields": {
            "nombre": "Talca",
            "region": [
                "Región del Maule"
            ]
        }
    },
    {
        "model": "webPages.comuna",
        "pk": 117,
        "fields": {
            "nombre": "Constitución",
            "region": [
                "Región del Maule"
            ]
        }
    },
    {
        "model": "webPages.comuna",
        "pk": 118,
        "fields": {
            "nombre": "Curepto",
            "region": [
                "Región del Maule"
            ]
        }
    },
    {
        "model": "webPages.comuna",
        "pk": 119,
        "fields": {
            "nombre": "Empedrado",
            "region": [
                "Región del Maule"
            ]
        }
    },
    {
        "model": "webPages.comuna",
        "pk": 120,
        "fields": {
            "nombre": "Maule",
            "region": [
                "Región del Maule"
            ]
        }
    },
    {
        "model": "webPages.comuna",
        "pk": 121,
        "fields": {
            "nombre": "Pelarco",
            "region": [
                "Región del Maule"
            ]
        }
    },
    {
        "model": "webPages.comuna",
        "pk": 122,
        "fields": {
            "nombre": "Pencahue",
            "region": [
                "Región del Maule"
            ]
        }
    },
    {
        "model": "webPages.comuna",
        "pk": 123,
        "fields": {
            "nombre": "Río Claro",
            "region": [
                "Región del Maule"
            ]
        }
    },
    {
        "model": "webPages.comuna",
        "pk": 124,
        "fields": {
            "nombre": "San Clemente",
            "region": [
                "Región del Maule"
            ]
        }
    },
    {
        "model": "webPages.comuna",
        "pk": 125,
        "fields": {
            "nombre": "San Rafael",
            "region": [
                "Región del Maule"
            ]
        }
    },
    {
        "model": "webPages.comuna",
        "pk": 126,
        "fields": {
            "nombre": "Cauquenes",
            "region": [
                "Región del Maule"
            ]
        }
    },
    {
        "model": "webPages.comuna",
        "pk": 127,
        "fields": {
            "nombre": "Chanco",
            "region": [
                "Región del Maule"
            ]
        }
    },
    {
        "model": "webPages.comuna",
        "pk": 128,
        "fields": {
            "nombre": "Pelluhue",
            "region": [
                "Región del Maule"
            ]
        }
    },
    {
        "model": "webPages.comuna",
        "pk": 129,
        "fields": {
            "nombre": "Curicó",
            "region": [
                "Región del Maule"
            ]
        }
    },
    {
        "model": "webPages.comuna",
        "pk": 130,
        "fields": {
            "nombre": "Hualañé",
            "region": [
                "Región del Maule"
            ]
        }
    },
    {
        "model": "webPages.comuna",
        "pk": 131,
        "fields": {
            "nombre": "Licantén",
            "region": [
                "Región del Maule"
            ]
        }
    },
    {
        "model": "webPages.comuna",
        "pk": 132,
        "fields": {
            "nombre": "Molina",
            "region": [
                "Región del Maule"
            ]
        }
    },
    {
        "model": "webPages.comuna",
        "pk": 133,
        "fields": {
            "nombre": "Rauco",
            "region": [
                "Región del Maule"
            ]
        }
    },
    {
        "model": "webPages.comuna",
        "pk": 134,
        "fields": {
            "nombre": "Romeral",
            "region": [
                "Región del Maule"
            ]
        }
    },
    {
        "model": "webPages.comuna",
        "pk": 135,
        "fields": {
            "nombre": "Sagrada Familia",
            "region": [
                "Región del Maule"
            ]
        }
    },
    {
        "model": "webPages.comuna",
        "pk": 136,
        "fields": {
            "nombre": "Teno",
            "region": [
                "Región del Maule"
            ]
        }
    },
    {
        "model": "webPages.comuna",
        "pk": 137,
        "fields": {
            "nombre": "Vichuquén",
            "region": [
                "Región del Maule"
            ]
        }
    },
    {
        "model": "webPages.comuna",
        "pk": 138,
        "fields": {
            "nombre": "Linares",
            "region": [
                "Región del Maule"
            ]
        }
    },
    {
        "model": "webPages.comuna",
        "pk": 139,
        "fields": {
            "nombre": "Colbún",
            "region": [
                "Región del Maule"
            ]
        }
    },
    {
        "model": "webPages.comuna",
        "pk": 140,
        "fields": {
            "nombre": "Longaví",
            "region": [
                "Región del Maule"
            ]
        }
    },
    {
        "model": "webPages.comuna",
        "pk": 141,
        "fields": {
            "nombre": "Parral",
            "region": [
                "Región del Maule"
            ]
        }
    },
    {
        "model": "webPages.comuna",
        "pk": 142,
        "fields": {
            "nombre": "Retiro",
            "region": [
                "Región del Maule"
            ]
        }
    },
    {
        "model": "webPages.comuna",
        "pk": 143,
        "fields": {
            "nombre": "San Javier",
            "region": [
                "Región del Maule"
            ]
        }
    },
    {
        "model": "webPages.comuna",
        "pk": 144,
        "fields": {
            "nombre": "Villa Alegre",
            "region": [
                "Región del Maule"
            ]
        }
    },
    {
        "model": "webPages.comuna",
        "pk": 145,
        "fields": {
            "nombre": "Yerbas Buenas",
            "region": [
                "Región del Maule"
            ]
        }
    },
    {
        "model": "webPages.comuna",
        "pk": 146,
        "fields": {
            "nombre": "Cobquecura",
            "region": [
                "Región de Ñuble"
            ]
        }
    },
    {
        "model": "webPages.comuna",
        "pk": 147,
        "fields": {
            "nombre": "Coelemu",
            "region": [
                "Región de Ñuble"
            ]
        }
    },
    {
        "model": "webPages.comuna",
        "pk": 148,
        "fields": {
            "nombre": "Ninhue",
            "region": [
                "Región de Ñuble"
            ]
        }
    },
    {
        "model": "webPages.comuna",
        "pk": 149,
        "fields": {
            "nombre": "Portezuelo",
            "region": [
                "Región de Ñuble"
            ]
        }
    },
    {
        "model": "webPages.comuna",
        "pk": 150,
        "fields": {
            "nombre": "Quirihue",
            "region": [
                "Región de Ñuble"
            ]
        }
    },
    {
        "model": "webPages.comuna",
        "pk": 151,
        "fields": {
            "nombre": "Ránquil",
            "region": [
                "Región de Ñuble"
            ]
        }
    },
    {
        "model": "webPages.comuna",
        "pk": 152,
        "fields": {
            "nombre": "Treguaco",
            "region": [
                "Región de Ñuble"
            ]
        }
    },
    {
        "model": "webPages.comuna",
        "pk": 153,
        "fields": {
            "nombre": "Bulnes",
            "region": [
                "Región de Ñuble"
            ]
        }
    },
    {
        "model": "webPages.comuna",
        "pk": 154,
        "fields": {
            "nombre": "Chillán Viejo",
            "region": [
                "Región de Ñuble"
            ]
        }
    },
    {
        "model": "webPages.comuna",
        "pk": 155,
        "fields": {
            "nombre": "Chillán",
            "region": [
                "Región de Ñuble"
            ]
        }
    },
    {
        "model": "webPages.comuna",
        "pk": 156,
        "fields": {
            "nombre": "El Carmen",
            "region": [
                "Región de Ñuble"
            ]
        }
    },
    {
        "model": "webPages.comuna",
        "pk": 157,
        "fields": {
            "nombre": "Pemuco",
            "region": [
                "Región de Ñuble"
            ]
        }
    },
    {
        "model": "webPages.comuna",
        "pk": 158,
        "fields": {
            "nombre": "Pinto",
            "region": [
                "Región de Ñuble"
            ]
        }
    },
    {
        "model": "webPages.comuna",
        "pk": 159,
        "fields": {
            "nombre": "Quillón",
            "region": [
                "Región de Ñuble"
            ]
        }
    },
    {
        "model": "webPages.comuna",
        "pk": 160,
        "fields": {
            "nombre": "San Ignacio",
            "region": [
                "Región de Ñuble"
            ]
        }
    },
    {
        "model": "webPages.comuna",
        "pk": 161,
        "fields": {
            "nombre": "Yungay",
            "region": [
                "Región de Ñuble"
            ]
        }
    },
    {
        "model": "webPages.comuna",
        "pk": 162,
        "fields": {
            "nombre": "Coihueco",
            "region": [
                "Región de Ñuble"
            ]
        }
    },
    {
        "model": "webPages.comuna",
        "pk": 163,
        "fields": {
            "nombre": "Ñiquén",
            "region": [
                "Región de Ñuble"
            ]
        }
    },
    {
        "model": "webPages.comuna",
        "pk": 164,
        "fields": {
            "nombre": "San Carlos",
            "region": [
                "Región de Ñuble"
            ]
        }
    },
    {
        "model": "webPages.comuna",
        "pk": 165,
        "fields": {
            "nombre": "San Fabián",
            "region": [
                "Región de Ñuble"
            ]
        }
    },
    {
        "model": "webPages.comuna",
        "pk": 166,
        "fields": {
            "nombre": "San Nicolás",
            "region": [
                "Región de Ñuble"
            ]
        }
    },
    {
        "model": "webPages.comuna",
        "pk": 167,
        "fields": {
            "nombre": "Concepción",
            "region": [
                "Región del Biobío"
            ]
        }
    },
    {
        "model": "webPages.comuna",
        "pk": 168,
        "fields": {
            "nombre": "Coronel",
            "region": [
                "Región del Biobío"
            ]
        }
    },
    {
        "model": "webPages.comuna",
        "pk": 169,
        "fields": {
            "nombre": "Chiguayante",
            "region": [
                "Región del Biobío"
            ]
        }
    },
    {
        "model": "webPages.comuna",
        "pk": 170,
        "fields": {
            "nombre": "Florida",
            "region": [
                "Región del Biobío"
            ]
        }
    },
    {
        "model": "webPages.comuna",
        "pk": 171,
        "fields": {
            "nombre": "Hualqui",
            "region": [
                "Región del Biobío"
            ]
        }
    },
    {
        "model": "webPages.comuna",
        "pk": 172,
        "fields": {
            "nombre": "Lota",
            "region": [
                "Región del Biobío"
            ]
        }
    },
    {
        "model": "webPages.comuna",
        "pk": 173,
        "fields": {
            "nombre": "Penco",
            "region": [
                "Región del Biobío"
            ]
        }
    },
    {
        "model": "webPages.comuna",
        "pk": 174,
        "fields": {
            "nombre": "San Pedro de la Paz",
            "region": [
                "Región del Biobío"
            ]
        }
    },
    {
        "model": "webPages.comuna",
        "pk": 175,
        "fields": {
            "nombre": "Santa Juana",
            "region": [
                "Región del Biobío"
            ]
        }
    },
    {
        "model": "webPages.comuna",
        "pk": 176,
        "fields": {
            "nombre": "Talcahuano",
            "region": [
                "Región del Biobío"
            ]
        }
    },
    {
        "model": "webPages.comuna",
        "pk": 177,
        "fields": {
            "nombre": "Tomé",
            "region": [
                "Región del Biobío"
            ]
        }
    },
    {
        "model": "webPages.comuna",
        "pk": 178,
        "fields": {
            "nombre": "Hualpén",
            "region": [
                "Región del Biobío"
            ]
        }
    },
    {
        "model": "webPages.comuna",
        "pk": 179,
        "fields": {
            "nombre": "Lebu",
            "region": [
                "Región del Biobío"
            ]
        }
    },
    {
        "model": "webPages.comuna",
        "pk": 180,
        "fields": {
            "nombre": "Arauco",
            "region": [
                "Región del Biobío"
            ]
        }
    },
    {
        "model": "webPages.comuna",
        "pk": 181,
        "fields": {
            "nombre": "Cañete",
            "region": [
                "Región del Biobío"
            ]
        }
    },
    {
        "model": "webPages.comuna",
        "pk": 182,
        "fields": {
            "nombre": "Contulmo",
            "region": [
                "Región del Biobío"
            ]
        }
    },
    {
        "model": "webPages.comuna",
        "pk": 183,
        "fields": {
            "nombre": "Curanilahue",
            "region": [
                "Región del Biobío"
            ]
        }
    },
    {
        "model": "webPages.comuna",
        "pk": 184,
        "fields": {
            "nombre": "Los Álamos",
            "region": [
                "Región del Biobío"
            ]
        }
    },
    {
        "model": "webPages.comuna",
        "pk": 185,
        "fields": {
            "nombre": "Tirúa",
            "region": [
                "Región del Biobío"
            ]
        }
    },
    {
        "model": "webPages.comuna",
        "pk": 186,
        "fields": {
            "nombre": "Los Ángeles",
            "region": [
                "Región del Biobío"
            ]
        }
    },
    {
        "model": "webPages.comuna",
        "pk": 187,
        "fields": {
            "nombre": "Antuco",
            "region": [
                "Región del Biobío"
            ]
        }
    },
    {
        "model": "webPages.comuna",
        "pk": 188,
        "fields": {
            "nombre": "Cabrero",
            "region": [
                "Región del Biobío"
            ]
        }
    },
    {
        "model": "webPages.comuna",
        "pk": 189,
        "fields": {
            "nombre": "Laja",
            "region": [
                "Región del Biobío"
            ]
        }
    },
    {
        "model": "webPages.comuna",
        "pk": 190,
        "fields": {
            "nombre": "Mulchén",
            "region": [
                "Región del Biobío"
            ]
        }
    },
    {
        "model": "webPages.comuna",
        "pk": 191,
        "fields": {
            "nombre": "Nacimiento",
            "region": [
                "Región del Biobío"
            ]
        }
    },
    {
        "model": "webPages.comuna",
        "pk": 192,
        "fields": {
            "nombre": "Negrete",
            "region": [
                "Región del Biobío"
            ]
        }
    },
    {
        "model": "webPages.comuna",
        "pk": 193,
        "fields": {
            "nombre": "Quilaco",
            "region": [
                "Región del Biobío"
            ]
        }
    },
    {
        "model": "webPages.comuna",
        "pk": 194,
        "fields": {
            "nombre": "Quilleco",
            "region": [
                "Región del Biobío"
            ]
        }
    },
    {
        "model": "webPages.comuna",
        "pk": 195,
        "fields": {
            "nombre": "San Rosendo",
            "region": [
                "Región del Biobío"
            ]
        }
    },
    {
        "model": "webPages.comuna",
        "pk": 196,
        "fields": {
            "nombre": "Santa Bárbara",
            "region": [
                "Región del Biobío"
            ]
        }
    },
    {
        "model": "webPages.comuna",
        "pk": 197,
        "fields": {
            "nombre": "Tucapel",
            "region": [
                "Región del Biobío"
            ]
        }
    },
    {
        "model": "webPages.comuna",
        "pk": 198,
        "fields": {
            "nombre": "Yumbel",
            "region": [
                "Región del Biobío"
            ]
        }
    },
    {
        "model": "webPages.comuna",
        "pk": 199,
        "fields": {
            "nombre": "Alto Biobío",
            "region": [
                "Región del Biobío"
            ]
        }
    },
    {
        "model": "webPages.comuna",
        "pk": 200,
        "fields": {
            "nombre": "Temuco",
            "region": [
                "Región de la Araucanía"
            ]
        }
    },
    {
        "model": "webPages.comuna",
        "pk": 201,
        "fields": {
            "nombre": "Carahue",
            "region": [
                "Región de la Araucanía"
            ]
        }
    },
    {
        "model": "webPages.comuna",
        "pk": 202,
        "fields": {
            "nombre": "Cunco",
            "region": [
                "Región de la Araucanía"
            ]
        }
    },
    {
        "model": "webPages.comuna",
        "pk": 203,
        "fields": {
            "nombre": "Curarrehue",
            "region": [
                "Región de la Araucanía"
            ]
        }
    },
    {
        "model": "webPages.comuna",
        "pk": 204,
        "fields": {
            "nombre": "Freire",
            "region": [
                "Región de la Araucanía"
            ]
        }
    },
    {
        "model": "webPages.comuna",
        "pk": 205,
        "fields": {
            "nombre": "Galvarino",
            "region": [
                "Región de la Araucanía"
            ]
        }
    },
    {
        "model": "webPages.comuna",
        "pk": 206,
        "fields": {
            "nombre": "Gorbea",
            "region": [
                "Región de la Araucanía"
            ]
        }
    },
    {
        "model": "webPages.comuna",
        "pk": 207,
        "fields": {
            "nombre": "Lautaro",
            "region": [
                "Región de la Araucanía"
            ]
        }
    },
    {
        "model": "webPages.comuna",
        "pk": 208,
        "fields": {
            "nombre": "Loncoche",
            "region": [
                "Región de la Araucanía"
            ]
        }
    },
    {
        "model": "webPages.comuna",
        "pk": 209,
        "fields": {
            "nombre": "Melipeuco",
            "region": [
                "Región de la Araucanía"
            ]
        }
    },
    {
        "model": "webPages.comuna",
        "pk": 210,
        "fields": {
            "nombre": "Nueva Imperial",
            "region": [
                "Región de la Araucanía"
            ]
        }
    },
    {
        "model": "webPages.comuna",
        "pk": 211,
        "fields": {
            "nombre": "Padre las Casas",
            "region": [
                "Región de la Araucanía"
            ]
        }
    },
    {
        "model": "webPages.comuna",
        "pk": 212,
        "fields": {
            "nombre": "Perquenco",
            "region": [
                "Región de la Araucanía"
            ]
        }
    },
    {
        "model": "webPages.comuna",
        "pk": 213,
        "fields": {
            "nombre": "Pitrufquén",
            "region": [
                "Región de la Araucanía"
            ]
        }
    },
    {
        "model": "webPages.comuna",
        "pk": 214,
        "fields": {
            "nombre": "Pucón",
            "region": [
                "Región de la Araucanía"
            ]
        }
    },
    {
        "model": "webPages.comuna",
        "pk": 215,
        "fields": {
            "nombre": "Saavedra",
            "region": [
                "Región de la Araucanía"
            ]
        }
    },
    {
        "model": "webPages.comuna",
        "pk": 216,
        "fields": {
            "nombre": "Teodoro Schmidt",
            "region": [
                "Región de la Araucanía"
            ]
        }
    },
    {
        "model": "webPages.comuna",
        "pk": 217,
        "fields": {
            "nombre": "Toltén",
            "region": [
                "Región de la Araucanía"
            ]
        }
    },
    {
        "model": "webPages.comuna",
        "pk": 218,
        "fields": {
            "nombre": "Vilcún",
            "region": [
                "Región de la Araucanía"
            ]
        }
    },
    {
        "model": "webPages.comuna",
        "pk": 219,
        "fields": {
            "nombre": "Villarrica",
            "region": [
                "Región de la Araucanía"
            ]
        }
    },
    {
        "model": "webPages.comuna",
        "pk": 220,
        "fields": {
            "nombre": "Cholchol",
            "region": [
                "Región de la Araucanía"
            ]
        }
    },
    {
        "model": "webPages.comuna",
        "pk": 221,
        "fields": {
            "nombre": "Angol",
            "region": [
                "Región de la Araucanía"
            ]
        }
    },
    {
        "model": "webPages.comuna",
        "pk": 222,
        "fields": {
            "nombre": "Collipulli",
            "region": [
                "Región de la Araucanía"
            ]
        }
    },
    {
        "model": "webPages.comuna",
        "pk": 223,
        "fields": {
            "nombre": "Curacautín",
            "region": [
                "Región de la Araucanía"
            ]
        }
    },
    {
        "model": "webPages.comuna",
        "pk": 224,
        "fields": {
            "nombre": "Ercilla",
            "region": [
                "Región de la Araucanía"
            ]
        }
    },
    {
        "model": "webPages.comuna",
        "pk": 225,
        "fields": {
            "nombre": "Lonquimay",
            "region": [
                "Región de la Araucanía"
            ]
        }
    },
    {
        "model": "webPages.comuna",
        "pk": 226,
        "fields": {
            "nombre": "Los Sauces",
            "region": [
                "Región de la Araucanía"
            ]
        }
    },
    {
        "model": "webPages.comuna",
        "pk": 227,
        "fields": {
            "nombre": "Lumaco",
            "region": [
                "Región de la Araucanía"
            ]
        }
    },
    {
        "model": "webPages.comuna",
        "pk": 228,
        "fields": {
            "nombre": "Purén",
            "region": [
                "Región de la Araucanía"
            ]
        }
    },
    {
        "model": "webPages.comuna",
        "pk": 229,
        "fields": {
            "nombre": "Renaico",
            "region": [
                "Región de la Araucanía"
            ]
        }
    },
    {
        "model": "webPages.comuna",
        "pk": 230,
        "fields": {
            "nombre": "Traiguén",
            "region": [
                "Región de la Araucanía"
            ]
        }
    },
    {
        "model": "webPages.comuna",
        "pk": 231,
        "fields": {
            "nombre": "Victoria",
            "region": [
                "Región de la Araucanía"
            ]
        }
    },
    {
        "model": "webPages.comuna",
        "pk": 232,
        "fields": {
            "nombre": "Valdivia",
            "region": [
                "Región de Los Ríos"
            ]
        }
    },
    {
        "model": "webPages.comuna",
        "pk": 233,
        "fields": {
            "nombre": "Corral",
            "region": [
                "Región de Los Ríos"
            ]
        }
    },
    {
        "model": "webPages.comuna",
        "pk": 234,
        "fields": {
            "nombre": "Lanco",
            "region": [
                "Región de Los Ríos"
            ]
        }
    },
    {
        "model": "webPages.comuna",
        "pk": 235,
        "fields": {
            "nombre": "Los Lagos",
            "region": [
                "Región de Los Ríos"
            ]
        }
    },
    {
        "model": "webPages.comuna",
        "pk": 236,
        "fields": {
            "nombre": "Máfil",
            "region": [
                "Región de Los Ríos"
            ]
        }
    },
    {
        "model": "webPages.comuna",
        "pk": 237,
        "fields": {
            "nombre": "Mariquina",
            "region": [
                "Región de Los Ríos"
            ]
        }
    },
    {
        "model": "webPages.comuna",
        "pk": 238,
        "fields": {
            "nombre": "Paillaco",
            "region": [
                "Región de Los Ríos"
            ]
        }
    },
    {
        "model": "webPages.comuna",
        "pk": 239,
        "fields": {
            "nombre": "Panguipulli",
            "region": [
                "Región de Los Ríos"
            ]
        }
    },
    {
        "model": "webPages.comuna",
        "pk": 240,
        "fields": {
            "nombre": "La Unión",
            "region": [
                "Región de Los Ríos"
            ]
        }
    },
    {
        "model": "webPages.comuna",
        "pk": 241,
        "fields": {
            "nombre": "Futrono",
            "region": [
                "Región de Los Ríos"
            ]
        }
    },
    {
        "model": "webPages.comuna",
        "pk": 242,
        "fields": {
            "nombre": "Lago Ranco",
            "region": [
                "Región de Los Ríos"
            ]
        }
    },
    {
        "model": "webPages.comuna",
        "pk": 243,
        "fields": {
            "nombre": "Río Bueno",
            "region": [
                "Región de Los Ríos"
            ]
        }
    },
    {
        "model": "webPages.comuna",
        "pk": 244,
        "fields": {
            "nombre": "Puerto Montt",
            "region": [
                "Región de Los Lagos"
            ]
        }
    },
    {
        "model": "webPages.comuna",
        "pk": 245,
        "fields": {
            "nombre": "Calbuco",
            "region": [
                "Región de Los Lagos"
            ]
        }
    },
    {
        "model": "webPages.comuna",
        "pk": 246,
        "fields": {
            "nombre": "Cochamó",
            "region": [
                "Región de Los Lagos"
            ]
        }
    },
    {
        "model": "webPages.comuna",
        "pk": 247,
        "fields": {
            "nombre": "Fresia",
            "region": [
                "Región de Los Lagos"
            ]
        }
    },
    {
        "model": "webPages.comuna",
        "pk": 248,
        "fields": {
            "nombre": "Frutillar",
            "region": [
                "Región de Los Lagos"
            ]
        }
    },
    {
        "model": "webPages.comuna",
        "pk": 249,
        "fields": {
            "nombre": "Los Muermos",
            "region": [
                "Región de Los Lagos"
            ]
        }
    },
    {
        "model": "webPages.comuna",
        "pk": 250,
        "fields": {
            "nombre": "Llanquihue",
            "region": [
                "Región de Los Lagos"
            ]
        }
    },
    {
        "model": "webPages.comuna",
        "pk": 251,
        "fields": {
            "nombre": "Maullín",
            "region": [
                "Región de Los Lagos"
            ]
        }
    },
    {
        "model": "webPages.comuna",
        "pk": 252,
        "fields": {
            "nombre": "Puerto Varas",
            "region": [
                "Región de Los Lagos"
            ]
        }
    },
    {
        "model": "webPages.comuna",
        "pk": 253,
        "fields": {
            "nombre": "Castro",
            "region": [
                "Región de Los Lagos"
            ]
        }
    },
    {
        "model": "webPages.comuna",
        "pk": 254,
        "fields": {
            "nombre": "Ancud",
            "region": [
                "Región de Los Lagos"
            ]
        }
    },
    {
        "model": "webPages.comuna",
        "pk": 255,
        "fields": {
            "nombre": "Chonchi",
            "region": [
                "Región de Los Lagos"
            ]
        }
    },
    {
        "model": "webPages.comuna",
        "pk": 256,
        "fields": {
            "nombre": "Curaco de Vélez",
            "region": [
                "Región de Los Lagos"
            ]
        }
    },
    {
        "model": "webPages.comuna",
        "pk": 257,
        "fields": {
            "nombre": "Dalcahue",
            "region": [
                "Región de Los Lagos"
            ]
        }
    },
    {
        "model": "webPages.comuna",
        "pk": 258,
        "fields": {
            "nombre": "Puqueldón",
            "region": [
                "Región de Los Lagos"
            ]
        }
    },
    {
        "model": "webPages.comuna",
        "pk": 259,
        "fields": {
            "nombre": "Queilén",
            "region": [
                "Región de Los Lagos"
            ]
        }
    },
    {
        "model": "webPages.comuna",
        "pk": 260,
        "fields": {
            "nombre": "Quellón",
            "region": [
                "Región de Los Lagos"
            ]
        }
    },
    {
        "model": "webPages.comuna",
        "pk": 261,
        "fields": {
            "nombre": "Quemchi",
            "region": [
                "Región de Los Lagos"
            ]
        }
    },
    {
        "model": "webPages.comuna",
        "pk": 262,
        "fields": {
            "nombre": "Quinchao",
            "region": [
                "Región de Los Lagos"
            ]
        }
    },
    {
        "model": "webPages.comuna",
        "pk": 263,
        "fields": {
            "nombre": "Osorno",
            "region": [
                "Región de Los Lagos"
            ]
        }
    },
    {
        "model": "webPages.comuna",
        "pk": 264,
        "fields": {
            "nombre": "Puerto Octay",
            "region": [
                "Región de Los Lagos"
            ]
        }
    },
    {
        "model": "webPages.comuna",
        "pk": 265,
        "fields": {
            "nombre": "Purranque",
            "region": [
                "Región de Los Lagos"
            ]
        }
    },
    {
        "model": "webPages.comuna",
        "pk": 266,
        "fields": {
            "nombre": "Puyehue",
            "region": [
                "Región de Los Lagos"
            ]
        }
    },
    {
        "model": "webPages.comuna",
        "pk": 267,
        "fields": {
            "nombre": "Río Negro",
            "region": [
                "Región de Los Lagos"
            ]
        }
    },
    {
        "model": "webPages.comuna",
        "pk": 268,
        "fields": {
            "nombre": "San Juan de la Costa",
            "region": [
                "Región de Los Lagos"
            ]
        }
    },
    {
        "model": "webPages.comuna",
        "pk": 269,
        "fields": {
            "nombre": "San Pablo",
            "region": [
                "Región de Los Lagos"
            ]
        }
    },
    {
        "model": "webPages.comuna",
        "pk": 270,
        "fields": {
            "nombre": "Chaitén",
            "region": [
                "Región de Los Lagos"
            ]
        }
    },
    {
        "model": "webPages.comuna",
        "pk": 271,
        "fields": {
            "nombre": "Futaleufú",
            "region": [
                "Región de Los Lagos"
            ]
        }
    },
    {
        "model": "webPages.comuna",
        "pk": 272,
        "fields": {
            "nombre": "Hualaihué",
            "region": [
                "Región de Los Lagos"
            ]
        }
    },
    {
        "model": "webPages.comuna",
        "pk": 273,
        "fields": {
            "nombre": "Palena",
            "region": [
                "Región de Los Lagos"
            ]
        }
    },
    {
        "model": "webPages.comuna",
        "pk": 274,
        "fields": {
            "nombre": "Coihaique",
            "region": [
                "Región Aisén del Gral. Carlos Ibáñez del Campo"
            ]
        }
    },
    {
        "model": "webPages.comuna",
        "pk": 275,
        "fields": {
            "nombre": "Lago Verde",
            "region": [
                "Región Aisén del Gral. Carlos Ibáñez del Campo"
            ]
        }
    },
    {
        "model": "webPages.comuna",
        "pk": 276,
        "fields": {
            "nombre": "Aisén",
            "region": [
                "Región Aisén del Gral. Carlos Ibáñez del Campo"
            ]
        }
    },
    {
        "model": "webPages.comuna",
        "pk": 277,
        "fields": {
            "nombre": "Cisnes",
            "region": [
                "Región Aisén del Gral. Carlos Ibáñez del Campo"
            ]
        }
    },
    {
        "model": "webPages.comuna",
        "pk": 278,
        "fields": {
            "nombre": "Guaitecas",
            "region": [
                "Región Aisén del Gral. Carlos Ibáñez del Campo"
            ]
        }
    },
    {
        "model": "webPages.comuna",
        "pk": 279,
        "fields": {
            "nombre": "Cochrane",
            "region": [
                "Región Aisén del Gral. Carlos Ibáñez del Campo"
            ]
        }
    },
    {
        "model": "webPages.comuna",
        "pk": 280,
        "fields": {
            "nombre": "O’Higgins",
            "region": [
                "Región Aisén del Gral. Carlos Ibáñez del Campo"
            ]
        }
    },
    {
        "model": "webPages.comuna",
        "pk": 281,
        "fields": {
            "nombre": "Tortel",
            "region": [
                "Región Aisén del Gral. Carlos Ibáñez del Campo"
            ]
        }
    },
    {
        "model": "webPages.comuna",
        "pk": 282,
        "fields": {
            "nombre": "Chile Chico",
            "region": [
                "Región Aisén del Gral. Carlos Ibáñez del Campo"
            ]
        }
    },
    {
        "model": "webPages.comuna",
        "pk": 283,
        "fields": {
            "nombre": "Río Ibáñez",
            "region": [
                "Región Aisén del Gral. Carlos Ibáñez del Campo"
            ]
        }
    },
    {
        "model": "webPages.comuna",
        "pk": 284,
        "fields": {
            "nombre": "Punta Arenas",
            "region": [
                "Región de Magallanes y de la Antártica Chilena"
            ]
        }
    },
    {
        "model": "webPages.comuna",
        "pk": 285,
        "fields": {
            "nombre": "Laguna Blanca",
            "region": [
                "Región de Magallanes y de la Antártica Chilena"
            ]
        }
    },
    {
        "model": "webPages.comuna",
        "pk": 286,
        "fields": {
            "nombre": "Río Verde",
            "region": [
                "Región de Magallanes y de la Antártica Chilena"
            ]
        }
    },
    {
        "model": "webPages.comuna",
        "pk": 287,
        "fields": {
            "nombre": "San Gregorio",
            "region": [
                "Región de Magallanes y de la Antártica Chilena"
            ]
        }
    },
    {
        "model": "webPages.comuna",
        "pk": 288,
        "fields": {
            "nombre": "Cabo de Hornos (Ex Navarino)",
            "region": [
                "Región de Magallanes y de la Antártica Chilena"
            ]
        }
    },
    {
        "model": "webPages.comuna",
        "pk": 289,
        "fields": {
            "nombre": "Antártica",
            "region": [
                "Región de Magallanes y de la Antártica Chilena"
            ]
        }
    },
    {
        "model": "webPages.comuna",
        "pk": 290,
        "fields": {
            "nombre": "Porvenir",
            "region": [
                "Región de Magallanes y de la Antártica Chilena"
            ]
        }
    },
    {
        "model": "webPages.comuna",
        "pk": 291,
        "fields": {
            "nombre": "Primavera",
            "region": [
                "Región de Magallanes y de la Antártica Chilena"
            ]
        }
    },
    {
        "model": "webPages.comuna",
        "pk": 292,
        "fields": {
            "nombre": "Timaukel",
            "region": [
                "Región de Magallanes y de la Antártica Chilena"
            ]
        }
    },
    {
        "model": "webPages.comuna",
        "pk": 293,
        "fields": {
            "nombre": "Natales",
            "region": [
                "Región de Magallanes y de la Antártica Chilena"
            ]
        }
    },
    {
        "model": "webPages.comuna",
        "pk": 294,
        "fields": {
            "nombre": "Torres del Paine",
            "region": [
                "Región de Magallanes y de la Antártica Chilena"
            ]
        }
    },
    {
        "model": "webPages.comuna",
        "pk": 295,
        "fields": {
            "nombre": "Cerrillos",
            "region": [
                "Región Metropolitana de Santiago"
            ]
        }
    },
    {
        "model": "webPages.comuna",
        "pk": 296,
        "fields": {
            "nombre": "Cerro Navia",
            "region": [
                "Región Metropolitana de Santiago"
            ]
        }
    },
    {
        "model": "webPages.comuna",
        "pk": 297,
        "fields": {
            "nombre": "Conchalí",
            "region": [
                "Región Metropolitana de Santiago"
            ]
        }
    },
    {
        "model": "webPages.comuna",
        "pk": 298,
        "fields": {
            "nombre": "El Bosque",
            "region": [
                "Región Metropolitana de Santiago"
            ]
        }
    },
    {
        "model": "webPages.comuna",
        "pk": 299,
        "fields": {
            "nombre": "Estación Central",
            "region": [
                "Región Metropolitana de Santiago"
            ]
        }
    },
    {
        "model": "webPages.comuna",
        "pk": 300,
        "fields": {
            "nombre": "Huechuraba",
            "region": [
                "Región Metropolitana de Santiago"
            ]
        }
    },
    {
        "model": "webPages.comuna",
        "pk": 301,
        "fields": {
            "nombre": "Independencia",
            "region": [
                "Región Metropolitana de Santiago"
            ]
        }
    },
    {
        "model": "webPages.comuna",
        "pk": 302,
        "fields": {
            "nombre": "La Cisterna",
            "region": [
                "Región Metropolitana de Santiago"
            ]
        }
    },
    {
        "model": "webPages.comuna",
        "pk": 303,
        "fields": {
            "nombre": "La Florida",
            "region": [
                "Región Metropolitana de Santiago"
            ]
        }
    },
    {
        "model": "webPages.comuna",
        "pk": 304,
        "fields": {
            "nombre": "La Granja",
            "region": [
                "Región Metropolitana de Santiago"
            ]
        }
    },
    {
        "model": "webPages.comuna",
        "pk": 305,
        "fields": {
            "nombre": "La Pintana",
            "region": [
                "Región Metropolitana de Santiago"
            ]
        }
    },
    {
        "model": "webPages.comuna",
        "pk": 306,
        "fields": {
            "nombre": "La Reina",
            "region": [
                "Región Metropolitana de Santiago"
            ]
        }
    },
    {
        "model": "webPages.comuna",
        "pk": 307,
        "fields": {
            "nombre": "Las Condes",
            "region": [
                "Región Metropolitana de Santiago"
            ]
        }
    },
    {
        "model": "webPages.comuna",
        "pk": 308,
        "fields": {
            "nombre": "Lo Barnechea",
            "region": [
                "Región Metropolitana de Santiago"
            ]
        }
    },
    {
        "model": "webPages.comuna",
        "pk": 309,
        "fields": {
            "nombre": "Lo Espejo",
            "region": [
                "Región Metropolitana de Santiago"
            ]
        }
    },
    {
        "model": "webPages.comuna",
        "pk": 310,
        "fields": {
            "nombre": "Lo Prado",
            "region": [
                "Región Metropolitana de Santiago"
            ]
        }
    },
    {
        "model": "webPages.comuna",
        "pk": 311,
        "fields": {
            "nombre": "Macul",
            "region": [
                "Región Metropolitana de Santiago"
            ]
        }
    },
    {
        "model": "webPages.comuna",
        "pk": 312,
        "fields": {
            "nombre": "Maipú",
            "region": [
                "Región Metropolitana de Santiago"
            ]
        }
    },
    {
        "model": "webPages.comuna",
        "pk": 313,
        "fields": {
            "nombre": "Ñuñoa",
            "region": [
                "Región Metropolitana de Santiago"
            ]
        }
    },
    {
        "model": "webPages.comuna",
        "pk": 314,
        "fields": {
            "nombre": "Pedro Aguirre Cerda",
            "region": [
                "Región Metropolitana de Santiago"
            ]
        }
    },
    {
        "model": "webPages.comuna",
        "pk": 315,
        "fields": {
            "nombre": "Peñalolén",
            "region": [
                "Región Metropolitana de Santiago"
            ]
        }
    },
    {
        "model": "webPages.comuna",
        "pk": 316,
        "fields": {
            "nombre": "Providencia",
            "region": [
                "Región Metropolitana de Santiago"
            ]
        }
    },
    {
        "model": "webPages.comuna",
        "pk": 317,
        "fields": {
            "nombre": "Pudahuel",
            "region": [
                "Región Metropolitana de Santiago"
            ]
        }
    },
    {
        "model": "webPages.comuna",
        "pk": 318,
        "fields": {
            "nombre": "Quilicura",
            "region": [
                "Región Metropolitana de Santiago"
            ]
        }
    },
    {
        "model": "webPages.comuna",
        "pk": 319,
        "fields": {
            "nombre": "Quinta Normal",
            "region": [
                "Región Metropolitana de Santiago"
            ]
        }
    },
    {
        "model": "webPages.comuna",
        "pk": 320,
        "fields": {
            "nombre": "Recoleta",
            "region": [
                "Región Metropolitana de Santiago"
            ]
        }
    },
    {
        "model": "webPages.comuna",
        "pk": 321,
        "fields": {
            "nombre": "Renca",
            "region": [
                "Región Metropolitana de Santiago"
            ]
        }
    },
    {
        "model": "webPages.comuna",
        "pk": 322,
        "fields": {
            "nombre": "Santiago",
            "region": [
                "Región Metropolitana de Santiago"
            ]
        }
    },
    {
        "model": "webPages.comuna",
        "pk": 323,
        "fields": {
            "nombre": "San Joaquín",
            "region": [
                "Región Metropolitana de Santiago"
            ]
        }
    },
    {
        "model": "webPages.comuna",
        "pk": 324,
        "fields": {
            "nombre": "San Miguel",
            "region": [
                "Región Metropolitana de Santiago"
            ]
        }
    },
    {
        "model": "webPages.comuna",
        "pk": 325,
        "fields": {
            "nombre": "San Ramón",
            "region": [
                "Región Metropolitana de Santiago"
            ]
        }
    },
    {
        "model": "webPages.comuna",
        "pk": 326,
        "fields": {
            "nombre": "Vitacura",
            "region": [
                "Región Metropolitana de Santiago"
            ]
        }
    },
    {
        "model": "webPages.comuna",
        "pk": 327,
        "fields": {
            "nombre": "Puente Alto",
            "region": [
                "Región Metropolitana de Santiago"
            ]
        }
    },
    {
        "model": "webPages.comuna",
        "pk": 328,
        "fields": {
            "nombre": "Pirque",
            "region": [
                "Región Metropolitana de Santiago"
            ]
        }
    },
    {
        "model": "webPages.comuna",
        "pk": 329,
        "fields": {
            "nombre": "San José de Maipo",
            "region": [
                "Región Metropolitana de Santiago"
            ]
        }
    },
    {
        "model": "webPages.comuna",
        "pk": 330,
        "fields": {
            "nombre": "Colina",
            "region": [
                "Región Metropolitana de Santiago"
            ]
        }
    },
    {
        "model": "webPages.comuna",
        "pk": 331,
        "fields": {
            "nombre": "Lampa",
            "region": [
                "Región Metropolitana de Santiago"
            ]
        }
    },
    {
        "model": "webPages.comuna",
        "pk": 332,
        "fields": {
            "nombre": "Tiltil",
            "region": [
                "Región Metropolitana de Santiago"
            ]
        }
    },
    {
        "model": "webPages.comuna",
        "pk": 333,
        "fields": {
            "nombre": "San Bernardo",
            "region": [
                "Región Metropolitana de Santiago"
            ]
        }
    },
    {
        "model": "webPages.comuna",
        "pk": 334,
        "fields": {
            "nombre": "Buin",
            "region": [
                "Región Metropolitana de Santiago"
            ]
        }
    },
    {
        "model": "webPages.comuna",
        "pk": 335,
        "fields": {
            "nombre": "Calera de Tango",
            "region": [
                "Región Metropolitana de Santiago"
            ]
        }
    },
    {
        "model": "webPages.comuna",
        "pk": 336,
        "fields": {
            "nombre": "Paine",
            "region": [
                "Región Metropolitana de Santiago"
            ]
        }
    },
    {
        "model": "webPages.comuna",
        "pk": 337,
        "fields": {
            "nombre": "Melipilla",
            "region": [
                "Región Metropolitana de Santiago"
            ]
        }
    },
    {
        "model": "webPages.comuna",
        "pk": 338,
        "fields": {
            "nombre": "Alhué",
            "region": [
                "Región Metropolitana de Santiago"
            ]
        }
    },
    {
        "model": "webPages.comuna",
        "pk": 339,
        "fields": {
            "nombre": "Curacaví",
            "region": [
                "Región Metropolitana de Santiago"
            ]
        }
    },
    {
        "model": "webPages.comuna",
        "pk": 340,
        "fields": {
            "nombre": "María Pinto",
            "region": [
                "Región Metropolitana de Santiago"
            ]
        }
    },
    {
        "model": "webPages.comuna",
        "pk": 341,
        "fields": {
            "nombre": "San Pedro",
            "region": [
                "Región Metropolitana de Santiago"
            ]
        }
    },
    {
        "model": "webPages.comuna",
        "pk": 342,
        "fields": {
            "nombre": "Talagante",
            "region": [
                "Región Metropolitana de Santiago"
            ]
        }
    },
    {
        "model": "webPages.comuna",
        "pk": 343,
        "fields": {
            "nombre": "El Monte",
            "region": [
                "Región Metropolitana de Santiago"
            ]
        }
    },
    {
        "model": "webPages.comuna",
        "pk": 344,
        "fields": {
            "nombre": "Isla de Maipo",
            "region": [
                "Región Metropolitana de Santiago"
            ]
        }
    },
    {
        "model": "webPages.comuna",
        "pk": 345,
        "fields": {
            "nombre": "Padre Hurtado",
            "region": [
                "Región Metropolitana de Santiago"
            ]
        }
    },
    {
        "model": "webPages.comuna",
        "pk": 346,
        "fields": {
            "nombre": "Peñaflor",
            "region": [
                "Región Metropolitana de Santiago"
            ]
        }
    },
    {
        "model": "webPages.tipodeinmueble",
        "pk": 1,
        "fields": {
            "nombre": "Casa"
        }
    },
    {
        "model": "webPages.tipodeinmueble",
        "pk": 2,
        "fields": {
            "nombre": "Departamento"
        }
    },
    {
        "model": "webPages.tipodeinmueble",
        "pk": 3,
        "fields": {
            "nombre": "Parcela"
        }
    },
    {
        "model": "webPages.usuario",
        "pk": "147686783",
        "fields": {
            "password": "pbkdf2_sha256$720000$fs0PHcDFrD0KcCCmaR9Qub$dXjHBHs/ViBmbB1oIttNPCcmBmrdTj0KV15bo1Wrfp0=",
            "last_login": "2024-05-07T15:33:57.223Z",
            "is_superuser": false,
            "first_name": "",
            "last_name": "",
            "is_staff": false,
            "is_active": true,
            "date_joined": "2024-05-07T14:10:09.869Z",
            "email": "arrendador5@mail.com",
            "es_arrendador": true,
            "nombre": "Francisco",
            "apellido": "Olivares",
            "groups": [],
            "user_permissions": []
        }
    },
    {
        "model": "webPages.usuario",
        "pk": "123458873",
        "fields": {
            "password": "pbkdf2_sha256$720000$sLbnEoURA1YImhQYHJMsAl$o8xEHRSeCxE8OSx0s+QbUQerfjM3JZcvNU7yxt4MhUI=",
            "last_login": "2024-05-07T15:39:55.295Z",
            "is_superuser": false,
            "first_name": "",
            "last_name": "",
            "is_staff": false,
            "is_active": true,
            "date_joined": "2024-05-07T14:10:09.871Z",
            "email": "arrendador6@mail.com",
            "es_arrendador": true,
            "nombre": "Patricia",
            "apellido": "Fernandez",
            "groups": [],
            "user_permissions": []
        }
    },
    {
        "model": "webPages.usuario",
        "pk": "123457683",
        "fields": {
            "password": "pbkdf2_sha256$720000$2LuRfs7VL1oyNptSKtliHy$I3HfL24HeHZcd/BKUykNj2ZGoUkIJIWYjQ+3SEtwK/g=",
            "last_login": "2024-05-07T15:44:54.434Z",
            "is_superuser": false,
            "first_name": "",
            "last_name": "",
            "is_staff": false,
            "is_active": true,
            "date_joined": "2024-05-07T14:10:09.873Z",
            "email": "arrendador7@mail.com",
            "es_arrendador": true,
            "nombre": "Carolina",
            "apellido": "Perez",
            "groups": [],
            "user_permissions": []
        }
    },
    {
        "model": "webPages.usuario",
        "pk": "123444783",
        "fields": {
            "password": "pbkdf2_sha256$720000$UyaJoTjhStpr2VsFGRw87w$JrfQN2rUFSm8JzzFf5hdt9ifUceFnJ7HZE2z7ZAnHY4=",
            "last_login": "2024-05-07T15:55:44.977Z",
            "is_superuser": false,
            "first_name": "",
            "last_name": "",
            "is_staff": false,
            "is_active": true,
            "date_joined": "2024-05-07T14:10:09.875Z",
            "email": "arrendador8@mail.com",
            "es_arrendador": true,
            "nombre": "Constanza",
            "apellido": "Navarro",
            "groups": [],
            "user_permissions": []
        }
    },
    {
        "model": "webPages.usuario",
        "pk": "123988778",
        "fields": {
            "password": "pbkdf2_sha256$720000$1R8LMk9AEW4GLCRHXcc5Au$5indGTNE4SmBfFAeJuPe1pgfSdYwefosFDAx05KfdsU=",
            "last_login": "2024-05-07T15:58:50.923Z",
            "is_superuser": false,
            "first_name": "",
            "last_name": "",
            "is_staff": false,
            "is_active": true,
            "date_joined": "2024-05-07T14:10:09.877Z",
            "email": "arrendador9@mail.com",
            "es_arrendador": true,
            "nombre": "Lorena",
            "apellido": "Diaz",
            "groups": [],
            "user_permissions": []
        }
    },
    {
        "model": "webPages.usuario",
        "pk": "166540965",
        "fields": {
            "password": "pbkdf2_sha256$720000$E0E7ckSCN4w8OTS4J78R7s$xIW/AJCQCai/IOEXx2SbCIbWFeYSPW6eZCGdiNCOmBs=",
            "last_login": null,
            "is_superuser": false,
            "first_name": "",
            "last_name": "",
            "is_staff": false,
            "is_active": true,
            "date_joined": "2024-05-07T14:10:09.879Z",
            "email": "arrendatario1@mail.com",
            "es_arrendador": false,
            "nombre": "Karin",
            "apellido": "Manriquez",
            "groups": [],
            "user_permissions": []
        }
    },
    {
        "model": "webPages.usuario",
        "pk": "166545252",
        "fields": {
            "password": "pbkdf2_sha256$720000$IQN51kNmCWb36i7AhinRwJ$HfdqjF6zLLnZvKl00hjpRkZyiv+a8E8ujz3ZDpkpyok=",
            "last_login": null,
            "is_superuser": false,
            "first_name": "",
            "last_name": "",
            "is_staff": false,
            "is_active": true,
            "date_joined": "2024-05-07T14:10:09.882Z",
            "email": "arrendatario2@mail.com",
            "es_arrendador": false,
            "nombre": "Ana",
            "apellido": "Garcia",
            "groups": [],
            "user_permissions": []
        }
    },
    {
        "model": "webPages.usuario",
        "pk": "123456781",
        "fields": {
            "password": "pbkdf2_sha256$720000$QiJfV17FAT2JETuVyV9Lcu$j7hHKdupPjkHTcsrH91WWx1eDl0PbXg/8JE4R0Tsqpc=",
            "last_login": "2024-05-07T14:44:51.889Z",
            "is_superuser": false,
            "first_name": "",
            "last_name": "",
            "is_staff": false,
            "is_active": true,
            "date_joined": "2024-05-07T14:10:09.853Z",
            "email": "arrendador1@mail.com",
            "es_arrendador": true,
            "nombre": "Jose",
            "apellido": "Lopez",
            "groups": [],
            "user_permissions": []
        }
    },
    {
        "model": "webPages.usuario",
        "pk": "123456782",
        "fields": {
            "password": "pbkdf2_sha256$720000$uOA7HXvWsJPiR0h6xQnNsD$2GBwiL/s0raohmDvblbPkMp07o6etiWi1nxZcQrAK10=",
            "last_login": "2024-05-07T14:50:09.003Z",
            "is_superuser": false,
            "first_name": "",
            "last_name": "",
            "is_staff": false,
            "is_active": true,
            "date_joined": "2024-05-07T14:10:09.862Z",
            "email": "arrendador2@mail.com",
            "es_arrendador": true,
            "nombre": "Luis",
            "apellido": "Fuenzalida",
            "groups": [],
            "user_permissions": []
        }
    },
    {
        "model": "webPages.usuario",
        "pk": "123456783",
        "fields": {
            "password": "pbkdf2_sha256$720000$MVMWOzm2GedIpE5XFKZFDq$bDLF3gMRcrOcgEAhy/pCMmYdW9njvJI6zgBlwP49Q8c=",
            "last_login": "2024-05-07T15:00:49.176Z",
            "is_superuser": false,
            "first_name": "",
            "last_name": "",
            "is_staff": false,
            "is_active": true,
            "date_joined": "2024-05-07T14:10:09.864Z",
            "email": "arrendador3@mail.com",
            "es_arrendador": true,
            "nombre": "Fernando",
            "apellido": "Carrasco",
            "groups": [],
            "user_permissions": []
        }
    },
    {
        "model": "webPages.usuario",
        "pk": "122342678",
        "fields": {
            "password": "pbkdf2_sha256$720000$J4u8RWGVNDeITXkD66054I$+ZZaT8jJ/laMgmpp043ARvVsJgNOEtIY+f85B9MbywM=",
            "last_login": "2024-05-07T15:07:57.591Z",
            "is_superuser": false,
            "first_name": "",
            "last_name": "",
            "is_staff": false,
            "is_active": true,
            "date_joined": "2024-05-07T14:10:09.866Z",
            "email": "arrendador4@mail.com",
            "es_arrendador": true,
            "nombre": "Jorge",
            "apellido": "Gerjo",
            "groups": [],
            "user_permissions": []
        }
    },
    {
        "model": "webPages.arrendador",
        "pk": "123456781",
        "fields": {}
    },
    {
        "model": "webPages.arrendador",
        "pk": "123456782",
        "fields": {}
    },
    {
        "model": "webPages.arrendador",
        "pk": "123456783",
        "fields": {}
    },
    {
        "model": "webPages.arrendador",
        "pk": "122342678",
        "fields": {}
    },
    {
        "model": "webPages.arrendador",
        "pk": "147686783",
        "fields": {}
    },
    {
        "model": "webPages.arrendador",
        "pk": "123458873",
        "fields": {}
    },
    {
        "model": "webPages.arrendador",
        "pk": "123457683",
        "fields": {}
    },
    {
        "model": "webPages.arrendador",
        "pk": "123444783",
        "fields": {}
    },
    {
        "model": "webPages.arrendador",
        "pk": "123988778",
        "fields": {}
    },
    {
        "model": "webPages.arrendatario",
        "pk": "166540965",
        "fields": {}
    },
    {
        "model": "webPages.arrendatario",
        "pk": "166545252",
        "fields": {}
    },
    {
        "model": "webPages.datos",
        "pk": 40,
        "fields": {
            "direccion": "Calle B 461",
            "telefono": "964887228",
            "email": "arrendador1@mail.com",
            "usuario": "123456781"
        }
    },
    {
        "model": "webPages.datos",
        "pk": 41,
        "fields": {
            "direccion": "Calle E 426",
            "telefono": "951636146",
            "email": "arrendador2@mail.com",
            "usuario": "123456782"
        }
    },
    {
        "model": "webPages.datos",
        "pk": 42,
        "fields": {
            "direccion": "Calle C 765",
            "telefono": "951453566",
            "email": "arrendador3@mail.com",
            "usuario": "123456783"
        }
    },
    {
        "model": "webPages.datos",
        "pk": 43,
        "fields": {
            "direccion": "Calle A 345",
            "telefono": "983758875",
            "email": "arrendador4@mail.com",
            "usuario": "122342678"
        }
    },
    {
        "model": "webPages.datos",
        "pk": 44,
        "fields": {
            "direccion": "Calle F 907",
            "telefono": "951509446",
            "email": "arrendador5@mail.com",
            "usuario": "147686783"
        }
    },
    {
        "model": "webPages.datos",
        "pk": 45,
        "fields": {
            "direccion": "Calle G 74573",
            "telefono": "977553566",
            "email": "arrendador6@mail.com",
            "usuario": "123458873"
        }
    },
    {
        "model": "webPages.datos",
        "pk": 46,
        "fields": {
            "direccion": "Calle H 636",
            "telefono": "951994566",
            "email": "arrendador7@mail.com",
            "usuario": "123457683"
        }
    },
    {
        "model": "webPages.datos",
        "pk": 47,
        "fields": {
            "direccion": "Calle I 7134",
            "telefono": "952298566",
            "email": "arrendador8@mail.com",
            "usuario": "123444783"
        }
    },
    {
        "model": "webPages.datos",
        "pk": 48,
        "fields": {
            "direccion": "Calle J 945",
            "telefono": "951945666",
            "email": "arrendador9@mail.com",
            "usuario": "123988778"
        }
    },
    {
        "model": "webPages.datos",
        "pk": 49,
        "fields": {
            "direccion": "Calle D 834",
            "telefono": "950892373",
            "email": "arrendatario1@mail.com",
            "usuario": "166540965"
        }
    },
    {
        "model": "webPages.datos",
        "pk": 50,
        "fields": {
            "direccion": "Calle K 923",
            "telefono": "988348073",
            "email": "arrendatario2@mail.com",
            "usuario": "166545252"
        }
    },
    {
        "model": "webPages.inmueble",
        "pk": 2,
        "fields": {
            "nombre": "Departamento Amoblado",
            "imagen": "inmuebles/depto1_AjMTneX.webp",
            "direccion": "Roncesvalles 6415",
            "comuna": 307,
            "descripcion": "Bienvenido a este luminoso departamento, diseñado para brindar comodidad y seguridad. Con amplios espacios y una excelente iluminación natural, ofrece una sensación de amplitud y calidez. Ubicado en un edificio moderno con lavandería, cerca de colegios y en un barrio seguro, es perfecto para una vida cómoda y conveniente. ¡Bienvenido a tu nuevo hogar!",
            "superficie_construida": 150.0,
            "superficie_total": 170.0,
            "cantidad_estacionamientos": 2,
            "cantidad_habitaciones": 4,
            "cantidad_banos": 2,
            "tipo_de_inmueble": 2,
            "precio_arriendo": 1300000,
            "disponible": true,
            "fecha_publicacion": "2024-05-07",
            "fecha_actualizacion": "2024-05-07",
            "arrendador": "123456781"
        }
    },
    {
        "model": "webPages.inmueble",
        "pk": 3,
        "fields": {
            "nombre": "Amplio Departamento",
            "imagen": "inmuebles/departamento_las_condes_11DBHEW.webp",
            "direccion": "Sta. Rita 872",
            "comuna": 306,
            "descripcion": "¡Descubre este moderno departamento lleno de encanto y confort! Con amplios espacios y una excelente luminosidad, ofrece un estilo de vida urbano único. Su ubicación privilegiada te brinda acceso a servicios y áreas verdes, mientras que el edificio cuenta con amenidades exclusivas como gimnasio y sala de juegos.",
            "superficie_construida": 120.0,
            "superficie_total": 120.0,
            "cantidad_estacionamientos": 1,
            "cantidad_habitaciones": 3,
            "cantidad_banos": 2,
            "tipo_de_inmueble": 2,
            "precio_arriendo": 980000,
            "disponible": true,
            "fecha_publicacion": "2024-05-07",
            "fecha_actualizacion": "2024-05-07",
            "arrendador": "123456782"
        }
    },
    {
        "model": "webPages.inmueble",
        "pk": 4,
        "fields": {
            "nombre": "Departamento Frente al Mar",
            "imagen": "inmuebles/depto3.webp",
            "direccion": "Pje. Aucallu 180",
            "comuna": 68,
            "descripcion": "¡Bienvenido a tu refugio frente al mar! Con vistas espectaculares y acceso directo a la playa, este encantador departamento ofrece una experiencia costera inigualable. Cada espacio se llena de luz y frescura, convirtiendo cada momento en una experiencia única junto al océano. ¡Bienvenido a tu nuevo hogar costero!",
            "superficie_construida": 95.0,
            "superficie_total": 100.0,
            "cantidad_estacionamientos": 1,
            "cantidad_habitaciones": 3,
            "cantidad_banos": 2,
            "tipo_de_inmueble": 2,
            "precio_arriendo": 830000,
            "disponible": true,
            "fecha_publicacion": "2024-05-07",
            "fecha_actualizacion": "2024-05-07",
            "arrendador": "123456783"
        }
    },
    {
        "model": "webPages.inmueble",
        "pk": 5,
        "fields": {
            "nombre": "Departamento Centrico",
            "imagen": "inmuebles/depto4.webp",
            "direccion": "General Mackenna 1555",
            "comuna": 322,
            "descripcion": "¡Descubre este encantador departamento en el corazón de Santiago! Con una ubicación céntrica en el centro histórico, ofrece comodidad moderna y encanto colonial. Explora las calles adoquinadas y disfruta de la rica oferta cultural y gastronómica de la ciudad. ¡Bienvenido a tu nuevo hogar urbano!",
            "superficie_construida": 80.0,
            "superficie_total": 80.0,
            "cantidad_estacionamientos": 1,
            "cantidad_habitaciones": 3,
            "cantidad_banos": 1,
            "tipo_de_inmueble": 2,
            "precio_arriendo": 780000,
            "disponible": true,
            "fecha_publicacion": "2024-05-07",
            "fecha_actualizacion": "2024-05-07",
            "arrendador": "122342678"
        }
    },
    {
        "model": "webPages.inmueble",
        "pk": 6,
        "fields": {
            "nombre": "Bella Casa",
            "imagen": "inmuebles/casa1.jpeg",
            "direccion": "Laguna San Rafael 3111",
            "comuna": 252,
            "descripcion": "¡Bienvenido a tu oasis junto al lago! Esta encantadora casa ofrece vistas panorámicas del lago y la naturaleza circundante, creando un ambiente sereno y relajante. Con acceso directo al lago, podrás disfrutar de actividades al aire libre y atardeceres inolvidables desde tu propia terraza. ¡Bienvenido a tu nuevo hogar junto al lago!",
            "superficie_construida": 92.0,
            "superficie_total": 130.0,
            "cantidad_estacionamientos": 3,
            "cantidad_habitaciones": 5,
            "cantidad_banos": 3,
            "tipo_de_inmueble": 1,
            "precio_arriendo": 1200000,
            "disponible": true,
            "fecha_publicacion": "2024-05-07",
            "fecha_actualizacion": "2024-05-07",
            "arrendador": "147686783"
        }
    },
    {
        "model": "webPages.inmueble",
        "pk": 7,
        "fields": {
            "nombre": "Casa Hermosa",
            "imagen": "inmuebles/casa2.jpeg",
            "direccion": "Av. Los Arrayanes 980",
            "comuna": 129,
            "descripcion": "¡Bienvenido a tu hogar en Curicó! Esta encantadora casa en condominio ofrece la combinación perfecta de comodidad urbana y tranquilidad residencial. Situada a solo minutos del centro de la ciudad, te brinda acceso rápido a todas las comodidades y servicios. Disfruta de espacios verdes, áreas recreativas y una comunidad acogedora. Con un diseño moderno y funcional, cada día se convierte en una experiencia de tranquilidad y bienestar. Además, la ubicación estratégica te permite acceder fácilmente a tiendas, restaurantes, colegios y servicios médicos. ¡Bienvenido a tu nuevo hogar en Curicó!",
            "superficie_construida": 95.0,
            "superficie_total": 140.0,
            "cantidad_estacionamientos": 3,
            "cantidad_habitaciones": 5,
            "cantidad_banos": 3,
            "tipo_de_inmueble": 1,
            "precio_arriendo": 950000,
            "disponible": true,
            "fecha_publicacion": "2024-05-07",
            "fecha_actualizacion": "2024-05-07",
            "arrendador": "123458873"
        }
    },
    {
        "model": "webPages.inmueble",
        "pk": 8,
        "fields": {
            "nombre": "Tu Hogar Entre Montanas",
            "imagen": "inmuebles/casa3.jpeg",
            "direccion": "Los Acacios 2737",
            "comuna": 329,
            "descripcion": "¡Bienvenido al paraíso entre montañas! Esta hermosa casa te ofrece un refugio tranquilo rodeado de impresionantes paisajes naturales. Disfruta de la serenidad y la belleza de la naturaleza, con acceso a actividades al aire libre como senderismo y observación de aves. Con amplios espacios para relajarte y vistas panorámicas desde la terraza, cada día es una aventura en este oasis de montaña. ¡Bienvenido a tu nuevo hogar en medio de la naturaleza!",
            "superficie_construida": 130.0,
            "superficie_total": 180.0,
            "cantidad_estacionamientos": 4,
            "cantidad_habitaciones": 5,
            "cantidad_banos": 3,
            "tipo_de_inmueble": 1,
            "precio_arriendo": 1250000,
            "disponible": true,
            "fecha_publicacion": "2024-05-07",
            "fecha_actualizacion": "2024-05-07",
            "arrendador": "123457683"
        }
    },
    {
        "model": "webPages.inmueble",
        "pk": 9,
        "fields": {
            "nombre": "Parcela Acogedora",
            "imagen": "inmuebles/parcela_ekRiASv.webp",
            "direccion": "Calle Larga 35000",
            "comuna": 53,
            "descripcion": "¡Bienvenido a tu refugio en los Andes! Esta acogedora parcela te ofrece un escape tranquilo en medio de la naturaleza. Rodeada de montañas y vegetación exuberante, es el lugar perfecto para reconectar contigo mismo y recargar energías. Con acceso a senderos escénicos y vistas panorámicas, cada día es una aventura en este paraíso de montaña. ¡Bienvenido a tu nuevo hogar en los Andes!",
            "superficie_construida": 140.0,
            "superficie_total": 5000.0,
            "cantidad_estacionamientos": 5,
            "cantidad_habitaciones": 6,
            "cantidad_banos": 4,
            "tipo_de_inmueble": 3,
            "precio_arriendo": 1890000,
            "disponible": true,
            "fecha_publicacion": "2024-05-07",
            "fecha_actualizacion": "2024-05-07",
            "arrendador": "123444783"
        }
    },
    {
        "model": "webPages.inmueble",
        "pk": 10,
        "fields": {
            "nombre": "Bella Parcela",
            "imagen": "inmuebles/parceela2.webp",
            "direccion": "El papagayo 48B",
            "comuna": 342,
            "descripcion": "¡Bienvenido a tu oasis en Talagante! Esta encantadora parcela te ofrece un espacio tranquilo y sereno en medio del campo. Ubicada en la pintoresca comuna de Talagante, es el lugar perfecto para construir tu hogar o disfrutar de escapadas de fin de semana lejos del bullicio de la ciudad. Rodeada de campos verdes y aire fresco, cada día es una oportunidad para disfrutar de la tranquilidad y la belleza del entorno rural. Con amplios espacios al aire libre y vistas panorámicas de los campos y las montañas circundantes, encontrarás paz y serenidad en este paraíso campestre. ¡Bienvenido a tu nuevo hogar en el campo!",
            "superficie_construida": 190.0,
            "superficie_total": 3800.0,
            "cantidad_estacionamientos": 5,
            "cantidad_habitaciones": 6,
            "cantidad_banos": 4,
            "tipo_de_inmueble": 3,
            "precio_arriendo": 2190000,
            "disponible": true,
            "fecha_publicacion": "2024-05-07",
            "fecha_actualizacion": "2024-05-07",
            "arrendador": "123988778"
        }
    }
]